{"DNN": [1.3918569954958828, 1.2935129024765708, 1.1672587990760803, 1.207660729234869, 1.097247145392678, 1.221180346879092, 1.172282338142395, 1.095029971816323, 1.1391386823220686, 1.180149566043507, 1.121643597429449, 1.147842288017273, 1.149854231964458, 1.0969194769859314, 1.0374002944339404, 1.1025220643390308, 1.035430908203125, 0.9829797744750977, 1.1359535401517695, 1.0762748013843189, 0.9732006842439825, 0.9776603362777017, 1.019590058109977, 1.0415514490821145, 0.9661323103037748, 0.9750168757005171, 0.9150505716150458, 0.9312751455740496, 1.026227747852152, 0.9538505131548102, 1.0533365607261658, 0.9930573647672479, 0.9186280261386525, 0.9436837597326799, 0.9312645901333202, 0.9589290835640647, 0.8870930671691895, 0.9272804206067865, 0.9348561276089061, 0.8601338050582192, 0.9077216332609003, 0.8712286407297308, 0.9536295966668562, 0.9019972519441084, 0.8835393786430359, 0.8962523205713793, 0.882598264650865, 0.9625120027498766, 0.8831156302582134, 0.8018108931454745, 0.7585058320652355, 0.8694954351945356, 0.8902701085264032, 0.8551551753824408, 0.9192311547019265, 0.881445749239488, 0.9359477948058735, 0.8695707456632094, 0.8543035821481184, 0.8313025669618086, 0.7948935194448992, 0.8105345558036458, 0.7925216691060499, 0.9024048230864785, 0.7869551777839661, 0.8363680189306085, 0.7993012585423209, 0.8840769366784529, 0.8983242213726044, 0.7986522235653617, 0.905389975417744, 0.8623940755020488, 0.8585074516859922, 0.7614328481934287, 0.784519450231032, 0.7685963132164695, 1.3999546251513741, 0.7889317951419137, 0.9812536077065901, 0.8310560394417156, 0.7395580085841092, 0.9062436060471968, 0.7991459017450159, 0.8167448694055731, 0.7047612071037292, 0.7788549173961986, 0.7407625588503751, 0.6949197297746484, 0.8276862420819022, 0.908413212407719, 0.7976264628497037, 1.0051668421788649, 0.7822367007082159, 0.8688588467511263, 0.7488689151677218, 0.7336915135383606, 1.0086028711362318, 0.7461930486288938, 0.8119631626389243, 0.7745635076002642], "CNN1D": [1.3323380567810752, 1.3306200016628613, 1.378981200131503, 1.3790851343761792, 1.317515487020666, 1.36153921214017, 1.312822471965443, 1.3072324232621626, 1.2977803999727422, 1.2798282233151523, 1.3301606882702222, 1.322805794802579, 1.3164147626269946, 1.2297159108248623, 1.2181084643710742, 1.2516489299860867, 1.1685977253046902, 1.1295707063241438, 1.2034654834053733, 1.108134080063213, 1.1087558702989058, 1.1010270281271501, 1.0647118904373862, 1.0432308587160977, 1.0310069214213977, 1.0173973874612288, 0.9521171938289296, 0.946091893044385, 0.9830278320745989, 0.9605813785032793, 0.9357818852771412, 0.873161567883058, 0.904143666679209, 0.8938322338190946, 0.8630009699951519, 0.8672517158768394, 0.8848509761420164, 0.9174575019966472, 0.8690068884329363, 0.8914828625592318, 0.871061151677912, 0.8898010551929474, 0.8730299120599573, 0.8586956262588501, 0.8449774059382352, 0.7878151969476179, 0.8538958836685527, 0.9344476705247705, 0.8196705633943732, 0.7745019170370969, 0.765197675336491, 0.7787279324098066, 0.799557011235844, 0.7356276891448281, 0.8123509287834167, 0.8418702537363226, 0.8268245512788946, 0.7435026981613853, 0.7474922077222304, 0.8052952777255665, 0.8309221159328114, 0.7866769216277383, 0.7532772096720609, 0.7602007253603502, 0.740315933119167, 0.7351376441392031, 0.6789371804757551, 0.6938307705250654, 0.7609084031798623, 0.7491514466025613, 0.728394253687425, 0.7209393273700367, 0.7028118697079745, 0.7146352096037432, 0.687783807516098, 0.6971205852248452, 0.726977830583399, 0.6998982998457822, 0.6925570260394703, 0.6804552484642375, 0.6703296412121166, 0.6662006920034235, 0.6705695688724518, 0.7494236935268749, 0.7420459877360951, 0.690112214196812, 0.6694168272343549, 0.6316077248616652, 0.6810459900986064, 0.7784454985098406, 0.6727844151583585, 0.7286369936032728, 0.6875218965790488, 0.7134044712240045, 0.6429608870636333, 0.6545720777728341, 0.6611791198903864, 0.6008234159512953, 0.5834027840332552, 0.6379441754384474]}